-- Dump de datos para Render
BEGIN;
-- Datos para comercios
INSERT INTO comercios ("id", "slug", "nombre", "logo_url", "color_primario", "color_secundario", "visitas_objetivo", "recompensa_nombre", "descripcion", "momento_recomendado", "mensaje_contextual", "creado_en", "suscripcion_plan", "suscripcion_estado", "suscripcion_monto_mxn", "suscripcion_proximo_cobro", "suscripcion_notas") VALUES (1, 'demo-cafe', 'Demo Cafe', None, '#000000', '#ff0000', 5, 'Bebida gratis', 'Comercio demo para el MVP', None, None, datetime.datetime(2026, 3, 30, 3, 54, 23, 21219, tzinfo=datetime.timezone(datetime.timedelta(days=-1, seconds=64800))), 'mensual', 'activa', 299, None, None);
INSERT INTO comercios ("id", "slug", "nombre", "logo_url", "color_primario", "color_secundario", "visitas_objetivo", "recompensa_nombre", "descripcion", "momento_recomendado", "mensaje_contextual", "creado_en", "suscripcion_plan", "suscripcion_estado", "suscripcion_monto_mxn", "suscripcion_proximo_cobro", "suscripcion_notas") VALUES (2, 'test-bar-647', 'Test Bar', None, '#0f766e', '#f59e0b', 5, 'Bebida gratis', None, None, None, datetime.datetime(2026, 3, 30, 4, 43, 39, 824823, tzinfo=datetime.timezone(datetime.timedelta(days=-1, seconds=64800))), 'mensual', 'activa', 299, None, None);
INSERT INTO comercios ("id", "slug", "nombre", "logo_url", "color_primario", "color_secundario", "visitas_objetivo", "recompensa_nombre", "descripcion", "momento_recomendado", "mensaje_contextual", "creado_en", "suscripcion_plan", "suscripcion_estado", "suscripcion_monto_mxn", "suscripcion_proximo_cobro", "suscripcion_notas") VALUES (3, 'comercio-bb7f63', 'Bar Test bb7f63', None, '#0f766e', '#f59e0b', 5, 'Bebida gratis', None, None, None, datetime.datetime(2026, 3, 30, 4, 43, 56, 712637, tzinfo=datetime.timezone(datetime.timedelta(days=-1, seconds=64800))), 'mensual', 'activa', 299, None, None);
INSERT INTO comercios ("id", "slug", "nombre", "logo_url", "color_primario", "color_secundario", "visitas_objetivo", "recompensa_nombre", "descripcion", "momento_recomendado", "mensaje_contextual", "creado_en", "suscripcion_plan", "suscripcion_estado", "suscripcion_monto_mxn", "suscripcion_proximo_cobro", "suscripcion_notas") VALUES (4, 'test-comercio123', 'Test Comercio', None, '#0f766e', '#f59e0b', 5, 'Bebida gratis', None, None, None, datetime.datetime(2026, 3, 30, 6, 8, 32, 623434, tzinfo=datetime.timezone(datetime.timedelta(days=-1, seconds=64800))), 'mensual', 'activa', 299, None, None);
INSERT INTO comercios ("id", "slug", "nombre", "logo_url", "color_primario", "color_secundario", "visitas_objetivo", "recompensa_nombre", "descripcion", "momento_recomendado", "mensaje_contextual", "creado_en", "suscripcion_plan", "suscripcion_estado", "suscripcion_monto_mxn", "suscripcion_proximo_cobro", "suscripcion_notas") VALUES (5, 'comercioprueba', 'Comercio Prueba', None, '#1100ff', '#000000', 9, 'cafe gratis', 'aaaaa', None, None, datetime.datetime(2026, 3, 30, 6, 18, 32, 26723, tzinfo=datetime.timezone(datetime.timedelta(days=-1, seconds=64800))), 'mensual', 'activa', 299, None, None);

-- Datos para admin_usuarios
INSERT INTO admin_usuarios ("id", "username", "password", "nombre_mostrado", "activo", "creado_en") VALUES (5, 'vani', 'pbkdf2_sha256$120000$6e6bf511586175538b9195ab893f5ba3$52e86e096967fc46d2e7528fd694a685b5aa0d092e9fa7cb840b7bf6c061fca7', 'Vani', 1, datetime.datetime(2026, 3, 31, 1, 54, 24, 786281, tzinfo=datetime.timezone(datetime.timedelta(days=-1, seconds=64800))));
INSERT INTO admin_usuarios ("id", "username", "password", "nombre_mostrado", "activo", "creado_en") VALUES (1, 'admin', 'pbkdf2_sha256$120000$62e2b7f7838ccba8e321a0ad7bc0b7ca$88615a38ba6468cd585965e802175f42135280ba0422daf25a62af98ef2fcb47', 'Administrador principal', 1, datetime.datetime(2026, 3, 27, 22, 54, 27, tzinfo=datetime.timezone(datetime.timedelta(days=-1, seconds=64800))));

-- Datos para cajeros
INSERT INTO cajeros ("id", "comercio_id", "username", "password", "nombre_mostrado", "rol", "activo", "creado_en") VALUES (11, 1, 'cajero', 'pbkdf2_sha256$120000$41ef905ceb57cdbd2b3548ef391456bd$0d59f8f919ed54d2517707808869d73e4901984d5ec98f3a4146943db212c11d', 'Cajero Default', 'cajero', 1, datetime.datetime(2026, 3, 31, 1, 54, 24, 786281, tzinfo=datetime.timezone(datetime.timedelta(days=-1, seconds=64800))));

-- Datos para estado_login_cajero
INSERT INTO estado_login_cajero ("id", "username", "intentos_fallidos", "bloqueado_hasta", "actualizado_en") VALUES (1, 'admin', 0, None, datetime.datetime(2026, 3, 30, 4, 19, 41, 917549, tzinfo=datetime.timezone(datetime.timedelta(days=-1, seconds=64800))));
INSERT INTO estado_login_cajero ("id", "username", "intentos_fallidos", "bloqueado_hasta", "actualizado_en") VALUES (2, 'jefe', 0, None, datetime.datetime(2026, 3, 30, 4, 19, 41, 983187, tzinfo=datetime.timezone(datetime.timedelta(days=-1, seconds=64800))));
INSERT INTO estado_login_cajero ("id", "username", "intentos_fallidos", "bloqueado_hasta", "actualizado_en") VALUES (4, 'caja 2', 0, None, datetime.datetime(2026, 3, 30, 4, 27, 12, 186772, tzinfo=datetime.timezone(datetime.timedelta(days=-1, seconds=64800))));
INSERT INTO estado_login_cajero ("id", "username", "intentos_fallidos", "bloqueado_hasta", "actualizado_en") VALUES (5, 'admi9n', 2, None, datetime.datetime(2026, 3, 30, 6, 16, 48, 365497, tzinfo=datetime.timezone(datetime.timedelta(days=-1, seconds=64800))));
INSERT INTO estado_login_cajero ("id", "username", "intentos_fallidos", "bloqueado_hasta", "actualizado_en") VALUES (6, 'jefe_p', 0, None, datetime.datetime(2026, 3, 30, 6, 20, 37, 284681, tzinfo=datetime.timezone(datetime.timedelta(days=-1, seconds=64800))));
INSERT INTO estado_login_cajero ("id", "username", "intentos_fallidos", "bloqueado_hasta", "actualizado_en") VALUES (3, 'cajero', 0, None, datetime.datetime(2026, 3, 30, 6, 35, 43, 634150, tzinfo=datetime.timezone(datetime.timedelta(days=-1, seconds=64800))));

-- Datos para clientes
INSERT INTO clientes ("id", "comercio_id", "telefono", "public_id", "visitas", "recompensas_total", "wallet_apple_agregada", "wallet_apple_agragada_en", "wallet_google_agregada", "wallet_google_agregada_en") VALUES (1, 1, '5636674820', 'a799405a-cdcf-470c-87b7-0100ede676bd', 1, 2, 0, None, 0, None);
INSERT INTO clientes ("id", "comercio_id", "telefono", "public_id", "visitas", "recompensas_total", "wallet_apple_agregada", "wallet_apple_agragada_en", "wallet_google_agregada", "wallet_google_agregada_en") VALUES (2, 5, '5636674820', '51f9d2b6-da21-414c-90af-e95ed798f8f1', 1, 0, 0, None, 0, None);

-- Datos para auditoria_acciones
INSERT INTO auditoria_acciones ("id", "comercio_id", "username", "accion", "detalle", "creado_en") VALUES (1, None, 'admin', 'login_exitoso', 'Inicio de sesion admin correcto', datetime.datetime(2026, 3, 30, 4, 19, 41, 917549, tzinfo=datetime.timezone(datetime.timedelta(days=-1, seconds=64800))));
INSERT INTO auditoria_acciones ("id", "comercio_id", "username", "accion", "detalle", "creado_en") VALUES (2, 1, 'jefe', 'login_exitoso', 'Inicio de sesion correcto', datetime.datetime(2026, 3, 30, 4, 19, 41, 983187, tzinfo=datetime.timezone(datetime.timedelta(days=-1, seconds=64800))));
INSERT INTO auditoria_acciones ("id", "comercio_id", "username", "accion", "detalle", "creado_en") VALUES (3, 1, 'cajero', 'login_exitoso', 'Inicio de sesion correcto', datetime.datetime(2026, 3, 30, 4, 19, 42, 47530, tzinfo=datetime.timezone(datetime.timedelta(days=-1, seconds=64800))));
INSERT INTO auditoria_acciones ("id", "comercio_id", "username", "accion", "detalle", "creado_en") VALUES (4, None, 'admin', 'login_exitoso', 'Inicio de sesion admin correcto', datetime.datetime(2026, 3, 30, 4, 21, 22, 48414, tzinfo=datetime.timezone(datetime.timedelta(days=-1, seconds=64800))));
INSERT INTO auditoria_acciones ("id", "comercio_id", "username", "accion", "detalle", "creado_en") VALUES (5, None, 'Cajero', 'login_fallido', 'Intento fallido 1/5', datetime.datetime(2026, 3, 30, 4, 22, 37, 64212, tzinfo=datetime.timezone(datetime.timedelta(days=-1, seconds=64800))));
INSERT INTO auditoria_acciones ("id", "comercio_id", "username", "accion", "detalle", "creado_en") VALUES (6, None, 'Cajero', 'login_fallido', 'Intento fallido 2/5', datetime.datetime(2026, 3, 30, 4, 22, 37, 716605, tzinfo=datetime.timezone(datetime.timedelta(days=-1, seconds=64800))));
INSERT INTO auditoria_acciones ("id", "comercio_id", "username", "accion", "detalle", "creado_en") VALUES (7, 1, 'cajero', 'login_exitoso', 'Inicio de sesion correcto', datetime.datetime(2026, 3, 30, 4, 22, 50, 519201, tzinfo=datetime.timezone(datetime.timedelta(days=-1, seconds=64800))));
INSERT INTO auditoria_acciones ("id", "comercio_id", "username", "accion", "detalle", "creado_en") VALUES (8, 1, 'cajero', 'visita_registrada', 'Telefono 5636674820 | visitas 1', datetime.datetime(2026, 3, 30, 4, 23, 11, 979437, tzinfo=datetime.timezone(datetime.timedelta(days=-1, seconds=64800))));
INSERT INTO auditoria_acciones ("id", "comercio_id", "username", "accion", "detalle", "creado_en") VALUES (9, 1, 'cajero', 'login_exitoso', 'Inicio de sesion correcto', datetime.datetime(2026, 3, 30, 4, 23, 57, 86907, tzinfo=datetime.timezone(datetime.timedelta(days=-1, seconds=64800))));
INSERT INTO auditoria_acciones ("id", "comercio_id", "username", "accion", "detalle", "creado_en") VALUES (10, 1, 'cajero', 'visita_registrada', 'Telefono 5636674820 | visitas 2', datetime.datetime(2026, 3, 30, 4, 24, 0, 367094, tzinfo=datetime.timezone(datetime.timedelta(days=-1, seconds=64800))));
INSERT INTO auditoria_acciones ("id", "comercio_id", "username", "accion", "detalle", "creado_en") VALUES (11, 1, 'cajero', 'visita_registrada', 'Telefono 5636674820 | visitas 3', datetime.datetime(2026, 3, 30, 4, 24, 2, 400894, tzinfo=datetime.timezone(datetime.timedelta(days=-1, seconds=64800))));
INSERT INTO auditoria_acciones ("id", "comercio_id", "username", "accion", "detalle", "creado_en") VALUES (12, 1, 'cajero', 'visita_registrada', 'Telefono 5636674820 | visitas 4', datetime.datetime(2026, 3, 30, 4, 24, 4, 10611, tzinfo=datetime.timezone(datetime.timedelta(days=-1, seconds=64800))));
INSERT INTO auditoria_acciones ("id", "comercio_id", "username", "accion", "detalle", "creado_en") VALUES (13, 1, 'cajero', 'recompensa_entregada', 'Telefono 5636674820 | recompensa Bebida gratis', datetime.datetime(2026, 3, 30, 4, 24, 5, 466790, tzinfo=datetime.timezone(datetime.timedelta(days=-1, seconds=64800))));
INSERT INTO auditoria_acciones ("id", "comercio_id", "username", "accion", "detalle", "creado_en") VALUES (14, 1, 'cajero', 'visita_registrada', 'Telefono 5636674820 | visitas 1', datetime.datetime(2026, 3, 30, 4, 24, 19, 336853, tzinfo=datetime.timezone(datetime.timedelta(days=-1, seconds=64800))));
INSERT INTO auditoria_acciones ("id", "comercio_id", "username", "accion", "detalle", "creado_en") VALUES (15, 1, 'cajero', 'visita_registrada', 'Telefono 5636674820 | visitas 2', datetime.datetime(2026, 3, 30, 4, 24, 23, 503700, tzinfo=datetime.timezone(datetime.timedelta(days=-1, seconds=64800))));
INSERT INTO auditoria_acciones ("id", "comercio_id", "username", "accion", "detalle", "creado_en") VALUES (16, 1, 'cajero', 'visita_registrada', 'Telefono 5636674820 | visitas 3', datetime.datetime(2026, 3, 30, 4, 24, 25, 72461, tzinfo=datetime.timezone(datetime.timedelta(days=-1, seconds=64800))));
INSERT INTO auditoria_acciones ("id", "comercio_id", "username", "accion", "detalle", "creado_en") VALUES (17, 1, 'cajero', 'visita_registrada', 'Telefono 5636674820 | visitas 4', datetime.datetime(2026, 3, 30, 4, 24, 27, 500617, tzinfo=datetime.timezone(datetime.timedelta(days=-1, seconds=64800))));
INSERT INTO auditoria_acciones ("id", "comercio_id", "username", "accion", "detalle", "creado_en") VALUES (18, 1, 'cajero', 'recompensa_entregada', 'Telefono 5636674820 | recompensa Bebida gratis', datetime.datetime(2026, 3, 30, 4, 24, 29, 725059, tzinfo=datetime.timezone(datetime.timedelta(days=-1, seconds=64800))));
INSERT INTO auditoria_acciones ("id", "comercio_id", "username", "accion", "detalle", "creado_en") VALUES (19, 1, 'cliente-analytics', 'analytics_evento', 'evento=abrir_cuenta_cliente origen=hero public_id=a799405a-cdcf-470c-87b7-0100ede676bd ruta=/analytics/eventos ip=127.0.0.1', datetime.datetime(2026, 3, 30, 4, 24, 38, 207532, tzinfo=datetime.timezone(datetime.timedelta(days=-1, seconds=64800))));
INSERT INTO auditoria_acciones ("id", "comercio_id", "username", "accion", "detalle", "creado_en") VALUES (20, 1, 'cliente-analytics', 'analytics_evento', 'evento=wallet_click origen=apple_wallet public_id=a799405a-cdcf-470c-87b7-0100ede676bd ruta=/analytics/eventos ip=127.0.0.1', datetime.datetime(2026, 3, 30, 4, 24, 41, 495322, tzinfo=datetime.timezone(datetime.timedelta(days=-1, seconds=64800))));
INSERT INTO auditoria_acciones ("id", "comercio_id", "username", "accion", "detalle", "creado_en") VALUES (21, 1, 'cliente-analytics', 'analytics_evento', 'evento=wallet_click origen=google_wallet public_id=a799405a-cdcf-470c-87b7-0100ede676bd ruta=/analytics/eventos ip=127.0.0.1', datetime.datetime(2026, 3, 30, 4, 24, 43, 36239, tzinfo=datetime.timezone(datetime.timedelta(days=-1, seconds=64800))));
INSERT INTO auditoria_acciones ("id", "comercio_id", "username", "accion", "detalle", "creado_en") VALUES (22, 1, 'jefe', 'login_exitoso', 'Inicio de sesion correcto', datetime.datetime(2026, 3, 30, 4, 26, 21, 290721, tzinfo=datetime.timezone(datetime.timedelta(days=-1, seconds=64800))));
INSERT INTO auditoria_acciones ("id", "comercio_id", "username", "accion", "detalle", "creado_en") VALUES (23, 1, 'jefe', 'cajero_creado', 'Nuevo cajero caja 2', datetime.datetime(2026, 3, 30, 4, 26, 58, 470121, tzinfo=datetime.timezone(datetime.timedelta(days=-1, seconds=64800))));
INSERT INTO auditoria_acciones ("id", "comercio_id", "username", "accion", "detalle", "creado_en") VALUES (24, 1, 'caja 2', 'login_exitoso', 'Inicio de sesion correcto', datetime.datetime(2026, 3, 30, 4, 27, 12, 186772, tzinfo=datetime.timezone(datetime.timedelta(days=-1, seconds=64800))));
INSERT INTO auditoria_acciones ("id", "comercio_id", "username", "accion", "detalle", "creado_en") VALUES (25, 1, 'jefe', 'login_exitoso', 'Inicio de sesion correcto', datetime.datetime(2026, 3, 30, 4, 27, 22, 983851, tzinfo=datetime.timezone(datetime.timedelta(days=-1, seconds=64800))));
INSERT INTO auditoria_acciones ("id", "comercio_id", "username", "accion", "detalle", "creado_en") VALUES (26, 1, 'jefe', 'comercio_actualizado', 'Branding y metas actualizadas', datetime.datetime(2026, 3, 30, 4, 27, 36, 68322, tzinfo=datetime.timezone(datetime.timedelta(days=-1, seconds=64800))));
INSERT INTO auditoria_acciones ("id", "comercio_id", "username", "accion", "detalle", "creado_en") VALUES (27, None, 'admin', 'login_exitoso', 'Inicio de sesion admin correcto', datetime.datetime(2026, 3, 30, 4, 41, 5, 566488, tzinfo=datetime.timezone(datetime.timedelta(days=-1, seconds=64800))));
INSERT INTO auditoria_acciones ("id", "comercio_id", "username", "accion", "detalle", "creado_en") VALUES (28, None, 'admin', 'login_exitoso', 'Inicio de sesion admin correcto', datetime.datetime(2026, 3, 30, 4, 43, 20, 775963, tzinfo=datetime.timezone(datetime.timedelta(days=-1, seconds=64800))));
INSERT INTO auditoria_acciones ("id", "comercio_id", "username", "accion", "detalle", "creado_en") VALUES (29, None, 'admin', 'login_exitoso', 'Inicio de sesion admin correcto', datetime.datetime(2026, 3, 30, 4, 43, 27, 459241, tzinfo=datetime.timezone(datetime.timedelta(days=-1, seconds=64800))));
INSERT INTO auditoria_acciones ("id", "comercio_id", "username", "accion", "detalle", "creado_en") VALUES (30, 2, 'admin', 'comercio_creado', 'Nuevo comercio test-bar-647', datetime.datetime(2026, 3, 30, 4, 43, 39, 824823, tzinfo=datetime.timezone(datetime.timedelta(days=-1, seconds=64800))));
INSERT INTO auditoria_acciones ("id", "comercio_id", "username", "accion", "detalle", "creado_en") VALUES (31, 3, 'admin', 'comercio_creado', 'Nuevo comercio comercio-bb7f63', datetime.datetime(2026, 3, 30, 4, 43, 56, 712637, tzinfo=datetime.timezone(datetime.timedelta(days=-1, seconds=64800))));
INSERT INTO auditoria_acciones ("id", "comercio_id", "username", "accion", "detalle", "creado_en") VALUES (32, None, 'admin', 'login_exitoso', 'Inicio de sesion admin correcto', datetime.datetime(2026, 3, 30, 6, 8, 23, 475438, tzinfo=datetime.timezone(datetime.timedelta(days=-1, seconds=64800))));
INSERT INTO auditoria_acciones ("id", "comercio_id", "username", "accion", "detalle", "creado_en") VALUES (33, None, 'admin', 'login_exitoso', 'Inicio de sesion admin correcto', datetime.datetime(2026, 3, 30, 6, 8, 32, 541797, tzinfo=datetime.timezone(datetime.timedelta(days=-1, seconds=64800))));
INSERT INTO auditoria_acciones ("id", "comercio_id", "username", "accion", "detalle", "creado_en") VALUES (34, 4, 'admin', 'comercio_creado', 'Nuevo comercio test-comercio123', datetime.datetime(2026, 3, 30, 6, 8, 32, 623434, tzinfo=datetime.timezone(datetime.timedelta(days=-1, seconds=64800))));
INSERT INTO auditoria_acciones ("id", "comercio_id", "username", "accion", "detalle", "creado_en") VALUES (35, None, 'admin', 'login_exitoso', 'Inicio de sesion admin correcto', datetime.datetime(2026, 3, 30, 6, 9, 55, 206687, tzinfo=datetime.timezone(datetime.timedelta(days=-1, seconds=64800))));
INSERT INTO auditoria_acciones ("id", "comercio_id", "username", "accion", "detalle", "creado_en") VALUES (36, 4, 'admin', 'jefe_creado', 'Nuevo jefe jefe-nuevo1 para test-comercio123', datetime.datetime(2026, 3, 30, 6, 9, 55, 283227, tzinfo=datetime.timezone(datetime.timedelta(days=-1, seconds=64800))));
INSERT INTO auditoria_acciones ("id", "comercio_id", "username", "accion", "detalle", "creado_en") VALUES (37, None, 'admi9n', 'login_fallido', 'Intento fallido 1/5', datetime.datetime(2026, 3, 30, 6, 16, 47, 404511, tzinfo=datetime.timezone(datetime.timedelta(days=-1, seconds=64800))));
INSERT INTO auditoria_acciones ("id", "comercio_id", "username", "accion", "detalle", "creado_en") VALUES (38, None, 'admi9n', 'login_fallido', 'Intento fallido 2/5', datetime.datetime(2026, 3, 30, 6, 16, 48, 365497, tzinfo=datetime.timezone(datetime.timedelta(days=-1, seconds=64800))));
INSERT INTO auditoria_acciones ("id", "comercio_id", "username", "accion", "detalle", "creado_en") VALUES (39, None, 'admin', 'login_exitoso', 'Inicio de sesion admin correcto', datetime.datetime(2026, 3, 30, 6, 16, 55, 159603, tzinfo=datetime.timezone(datetime.timedelta(days=-1, seconds=64800))));
INSERT INTO auditoria_acciones ("id", "comercio_id", "username", "accion", "detalle", "creado_en") VALUES (40, 5, 'admin', 'comercio_creado', 'Nuevo comercio comercioprueba', datetime.datetime(2026, 3, 30, 6, 18, 32, 26723, tzinfo=datetime.timezone(datetime.timedelta(days=-1, seconds=64800))));
INSERT INTO auditoria_acciones ("id", "comercio_id", "username", "accion", "detalle", "creado_en") VALUES (41, 1, 'cajero', 'login_exitoso', 'Inicio de sesion correcto', datetime.datetime(2026, 3, 30, 6, 19, 58, 212129, tzinfo=datetime.timezone(datetime.timedelta(days=-1, seconds=64800))));
INSERT INTO auditoria_acciones ("id", "comercio_id", "username", "accion", "detalle", "creado_en") VALUES (42, 1, 'cajero', 'visita_registrada', 'Telefono 5636674820 | visitas 1', datetime.datetime(2026, 3, 30, 6, 20, 14, 365690, tzinfo=datetime.timezone(datetime.timedelta(days=-1, seconds=64800))));
INSERT INTO auditoria_acciones ("id", "comercio_id", "username", "accion", "detalle", "creado_en") VALUES (43, 5, 'jefe_p', 'login_exitoso', 'Inicio de sesion correcto', datetime.datetime(2026, 3, 30, 6, 20, 37, 284681, tzinfo=datetime.timezone(datetime.timedelta(days=-1, seconds=64800))));
INSERT INTO auditoria_acciones ("id", "comercio_id", "username", "accion", "detalle", "creado_en") VALUES (44, 5, 'jefe_p', 'visita_registrada', 'Telefono 5636674820 | visitas 1', datetime.datetime(2026, 3, 30, 6, 20, 46, 347887, tzinfo=datetime.timezone(datetime.timedelta(days=-1, seconds=64800))));
INSERT INTO auditoria_acciones ("id", "comercio_id", "username", "accion", "detalle", "creado_en") VALUES (45, 5, 'cliente-analytics', 'analytics_evento', 'evento=abrir_cuenta_cliente origen=card public_id=51f9d2b6-da21-414c-90af-e95ed798f8f1 ruta=/analytics/eventos ip=127.0.0.1', datetime.datetime(2026, 3, 30, 6, 21, 17, 651067, tzinfo=datetime.timezone(datetime.timedelta(days=-1, seconds=64800))));
INSERT INTO auditoria_acciones ("id", "comercio_id", "username", "accion", "detalle", "creado_en") VALUES (46, 1, 'cajero', 'login_fallido', 'Intento fallido 1/5', datetime.datetime(2026, 3, 30, 6, 35, 35, 671279, tzinfo=datetime.timezone(datetime.timedelta(days=-1, seconds=64800))));
INSERT INTO auditoria_acciones ("id", "comercio_id", "username", "accion", "detalle", "creado_en") VALUES (47, 1, 'cajero', 'login_exitoso', 'Inicio de sesion correcto', datetime.datetime(2026, 3, 30, 6, 35, 43, 634150, tzinfo=datetime.timezone(datetime.timedelta(days=-1, seconds=64800))));
INSERT INTO auditoria_acciones ("id", "comercio_id", "username", "accion", "detalle", "creado_en") VALUES (48, 1, 'cajero', 'login_exitoso', 'Inicio de sesion correcto', datetime.datetime(2026, 3, 30, 6, 39, 32, 297336, tzinfo=datetime.timezone(datetime.timedelta(days=-1, seconds=64800))));
INSERT INTO auditoria_acciones ("id", "comercio_id", "username", "accion", "detalle", "creado_en") VALUES (49, 1, 'cliente-analytics', 'analytics_evento', 'evento=abrir_cuenta_cliente origen=hero public_id=a799405a-cdcf-470c-87b7-0100ede676bd ruta=/analytics/eventos ip=192.168.1.77', datetime.datetime(2026, 3, 30, 6, 41, 5, 713247, tzinfo=datetime.timezone(datetime.timedelta(days=-1, seconds=64800))));
INSERT INTO auditoria_acciones ("id", "comercio_id", "username", "accion", "detalle", "creado_en") VALUES (50, 1, 'cliente-analytics', 'analytics_evento', 'evento=wallet_click origen=apple_wallet public_id=a799405a-cdcf-470c-87b7-0100ede676bd ruta=/analytics/eventos ip=192.168.1.77', datetime.datetime(2026, 3, 30, 6, 41, 7, 530155, tzinfo=datetime.timezone(datetime.timedelta(days=-1, seconds=64800))));
INSERT INTO auditoria_acciones ("id", "comercio_id", "username", "accion", "detalle", "creado_en") VALUES (51, 1, 'cliente-analytics', 'analytics_evento', 'evento=abrir_cuenta_cliente origen=hero public_id=a799405a-cdcf-470c-87b7-0100ede676bd ruta=/analytics/eventos ip=192.168.1.77', datetime.datetime(2026, 3, 30, 6, 41, 56, 791774, tzinfo=datetime.timezone(datetime.timedelta(days=-1, seconds=64800))));
INSERT INTO auditoria_acciones ("id", "comercio_id", "username", "accion", "detalle", "creado_en") VALUES (52, 1, 'cliente-analytics', 'analytics_evento', 'evento=abrir_cuenta_cliente origen=hero public_id=a799405a-cdcf-470c-87b7-0100ede676bd ruta=/analytics/eventos ip=192.168.1.77', datetime.datetime(2026, 3, 30, 6, 42, 7, 917066, tzinfo=datetime.timezone(datetime.timedelta(days=-1, seconds=64800))));
INSERT INTO auditoria_acciones ("id", "comercio_id", "username", "accion", "detalle", "creado_en") VALUES (53, 1, 'cajero', 'login_exitoso', 'Inicio de sesion correcto', datetime.datetime(2026, 3, 30, 6, 49, 56, 338221, tzinfo=datetime.timezone(datetime.timedelta(days=-1, seconds=64800))));

COMMIT;
